{
    "$schema": "../../umbraco-package-schema.json",
    "name": "External auth",
    "allowPublicAccess": true,
    "extensions": [
        {
            "type": "authProvider",
            "alias": "Microsoft.Auth",
            "name": "Microsoft Auth",
            "forProviderName": "Umbraco.Microsoft",
            "meta": {
                "label": "Microsoft",
                "defaultView": {
                    "icon": "icon-cloud"
                },
                "behavior": {
                    "autoRedirect": false
                },
                "linking": {
                    "allowManualLinking": false
                }
            }
        }
    ]
}
